"","Country","Code","Year","poverty_gap","public_health_exp","malnutrition_death_rates","Infant_mortality_rate","GDP_per_capita","annual_health_care_per_capita","life_exp","median_age_2010","fertility","homicide_Rate","gov_expen"
"1","Afghanistan","AFG",2012,NA,2.92056601,0.530293219919053,0.784617292632875,3.26464633229042,2.20511778504949,62.054,16,5.38,11.44593269,2.52441000938416
"2","Albania","ALB",2012,4424530,2.7357041,-0.776414608259591,-0.0222763947111523,4.01577135949949,2.73560382683693,77.252,32.299999,1.69,2.481095013,3.54
"3","Andorra","AND",2012,NA,5.74703988,-1.07639834360454,-0.431798275933005,4.30849516314648,3.53485076264328,82.202,32.7534883255814,1.835,0.755515422,0.71
"4","Armenia","ARM",2012,6819879,1.87568154,-1.39619565491346,0.161368002234975,3.87570542217115,2.52062810777492,73.82,32.900002,1.73,4.089238066,2.77248001098633
"5","Austria","AUT",2012,NA,8.41718956,-1.97839988726713,-0.481486060122112,4.64886347692445,3.68689257221613,80.906,41.900002,1.46,0.825863035,5.48040008544922
"6","Azerbaijan","AZE",2012,8384415,1.2105966,-0.417012976361062,0.456366033129043,4.20107519008557,2.9414505362042,71.506,28.700001,2.05,3.716659058,2.06761002540588
"7","Bahrain","BHR",2012,NA,2.76266224,-0.0781969651181595,-0.167491087293764,4.61236348062517,3.25257838828141,76.342,30.1,2.09,1.602380913,2.64530992507935
"8","Bangladesh","BGD",2012,2433405506,0.98448372,0.774028142212857,0.544068044350276,3.43242195061094,1.93018217586945,70.606,23.9,2.21,1.743768538,2.17549991607666
"9","Belarus","BLR",2012,0,3.8657579,-0.862712437011967,-0.443697499232713,4.24253967422216,2.93424014364937,72.07,38.900002,1.62,8.683693463,4.95964002609253
"10","Belgium","BEL",2012,NA,8.18629897,-0.128416196137212,-0.455931955649724,4.61327593209448,3.62713343590411,80.444,40.900002,1.8,1.546726782,11.71
"11","Bhutan","BTN",2012,2104079,2.70086093,-0.00313118609213384,0.492760389026837,3.84712497314414,2.42887700638128,69.263,23.799999,2.24,1.111993442,14
"12","Bosnia and Herzegovina","BIH",2012,531221,7.08021227,-1.37064570050398,-0.244125144327509,3.99693644615383,2.97678252261995,76.401,38.900002,1.31,2.650894136,4.73989510536194
"13","Brunei","BRN",2012,NA,2.11253245,-0.853147712454559,-0.0506099933550872,4.91378171382663,3.23203488913953,74.962,27.5,1.87,1.466854152,2.88959002494812
"14","Bulgaria","BGR",2012,39035034.5,3.9998185,-1.30569075732424,-0.0809219076239261,4.19788942807501,3.05353278869187,74.126,42.400002,1.51,2.450389098,3.50202989578247
"15","Cambodia","KHM",2012,28796894,1.5033407,0.598772892865748,0.513217600067939,3.44824350417121,2.24947554844544,67.48,22.700001,2.74,2.55507946,1.56269001960754
"16","China","CHN",2012,12832933170,2.94581376,-0.150108854690754,0.0644579892269184,4.0471093591367,2.76964272202072,75.013,35.200001,1.6,1.170143693,4.73989510536194
"17","Croatia","HRV",2012,16879096.5,6.36320706,-1.96226335126101,-0.346787486224656,4.30849516314648,3.21574606534799,77.301,41.700001,1.49,1.326897858,9
"18","Cyprus","CYP",2012,NA,3.41160371,-0.513846568933683,-0.568636235841013,4.50093187017007,3.34550276919791,79.812,33.900002,1.39,1.767067362,15.5
"19","Czech Republic","CZE",2012,5830948,6.341765,-0.594503360316217,-0.602059991327962,4.45525821413558,3.31335860014609,78.067,39.599998,1.49,1.353731153,4.2508602142334
"20","Denmark","DNK",2012,NA,9.41966027,-0.58311671670196,-0.455931955649724,4.64676446683905,3.67105000510589,79.958,40.599998,1.73,0.802655149,7.23782014846802
"21","Estonia","EST",2012,11076582,5.11576165,-1.30223471287125,-0.508638306165727,4.40979790725667,3.19194427415013,76.446,40.200001,1.62,5.614586337,4.71293020248413
"22","Finland","FIN",2012,NA,7.04083988,-1.49482456191237,-0.638272163982407,4.60111373403175,3.55728098745771,80.586,42,1.8,1.806938027,7.19254016876221
"23","France","FRA",2012,NA,8.82605179,0.167054293046276,-0.468521082957745,4.57203407456822,3.63199527638106,81.852,40,1.99,0.957296072,5.46131992340088
"24","Georgia","GEO",2012,133867692,1.21034891,-1.2114958665617,0.113943352306837,3.8965994598173,2.80240245550948,72.097,36.599998,1.98,3.634235766,1.98330998420715
"25","Germany","DEU",2012,NA,8.36111454,-0.961763469997915,-0.481486060122112,4.63166795523971,3.67298343281388,80.391,44.299999,1.42,0.805564196,4.93331003189087
"26","Greece","GRC",2012,NA,6.27443023,-1.99107069815888,-0.481486060122112,4.38675338686567,3.36535135270161,80.963,41,1.37,1.415312985,4.73989510536194
"27","Hungary","HUN",2012,14446992,4.91010603,-1.10212795325499,-0.318758762624413,4.35376380333867,3.24158054049902,75.107,40.099998,1.33,1.884940881,9
"28","Iceland","ISL",2012,NA,6.99404794,-0.824912988212446,-0.721246399047171,4.60131681387785,3.54766561598375,82.095,34.799999,2.01,0.734060168,7.86642980575562
"29","India","IND",2012,34526206800,1.18387275,0.498644096882235,0.613841821876069,3.68372764922751,2.33682842480985,67.545,25.1,2.48,3.316606848,3.8675000667572
"30","Indonesia","IDN",2012,3285500634,1.14773652,0.937283280451412,0.404833716619938,3.96619692158171,2.43748095155646,69.866,26.700001,2.46,1.079711759,3.40748000144959
"31","Iran","IRN",2012,10563392,2.68760016,-0.490041949212383,0.187520720836463,4.22078566607364,3.05840251725236,74.776,26.9,1.74,2.648689086,3.16859006881714
"32","Iraq","IRQ",2012,NA,3.28004061,-0.380785486802045,0.460897842756548,4.16512479735819,2.81347500831825,69.148,18.9,4.54,7.203227897,4.73989510536194
"33","Ireland","IRL",2012,NA,5.62241699,-1.24829094946396,-0.468521082957745,4.65295355132633,3.58137909420637,80.593,34.599998,2,0.897519276,5.75110006332397
"34","Israel","ISR",2012,NA,4.865017,-0.635831295718016,-0.468521082957745,4.48546806680006,3.3884663840102,81.833,30.1,3.03,2.243607983,5.66922998428345
"35","Italy","ITA",2012,7893417,6.9931209,-0.908025396610769,-0.494850021680094,4.54688336251141,3.51911842672248,82.298,43.799999,1.43,0.928088211,8.3
"36","Japan","JPN",2012,NA,8.40992077,-0.558866557371677,-0.657577319177794,4.56071460657964,3.55889758114442,83.283,44.700001,1.4,0.599091542,3.69226002693176
"37","Jordan","JOR",2012,NA,5.50930257,-0.86183380545729,0.230448921378274,3.95251461057483,2.92151847135745,73.722,21.5,3.6,2.800377499,4.73989510536194
"38","Kazakhstan","KAZ",2012,1164386.5,2.40821469,-0.334358950114381,0.164352855784437,4.34215252328741,2.97451584564119,68.805,28.9,2.7,10.6193875,12
"39","Kuwait","KWT",2012,NA,2.1872224,-1.91097520883971,-0.0705810742857073,4.88996244988956,3.30488944626995,74.728,29.5,2.09,0.930346204,4.73989510536194
"40","Kyrgyzstan","KGZ",2012,28789959,4.19724385,-0.733069731318855,0.3654879848909,3.45785752743887,2.30587327312769,69.868,24,3.08,5.506506189,7.38423013687134
"41","Laos","LAO",2012,164222187,0.79224628,0.69396610081741,0.7481880270062,3.6807078687931,1.98862450123806,65.267,20.700001,2.97,4.051664511,1.82147002220154
"42","Latvia","LVA",2012,13655708.5,3.5769554,-1.14713480188904,-0.244125144327509,4.31864572572952,2.93941327627872,73.778,40.799999,1.51,7.315994922,6.59438991546631
"43","Lebanon","LBN",2012,NA,3.23585528,-0.709901071046833,-0.0915149811213502,4.17774672923263,3.03569622636068,78.611,28.5,1.67,5.182814645,2.15629005432129
"44","Lithuania","LTU",2012,15551737.5,4.34953944,-1.48844821911678,-0.3767507096021,4.38110341473524,3.19974744844282,73.706,40.599998,1.57,6.991620409,4.76686000823975
"45","Luxembourg","LUX",2012,NA,5.98807092,-0.400457038354509,-0.638272163982407,4.95184806820182,3.81566726571787,80.955,38.900002,1.56,1.13956899,4.09041023254395
"46","Macedonia","MKD",2012,6172843.5,4.42539678,-1.71992363448682,-0.0362121726544447,4.06256950569679,2.90471708623714,75.019,35.700001,1.49,1.778160115,4.73989510536194
"47","Malaysia","MYS",2012,4025074,2.21523329,-0.509020021182882,-0.193820026016113,4.35393144768646,2.95511872534658,74.877,26,2.11,2.009712885,5.73902988433838
"48","Maldives","MDV",2012,2975115,6.50292714,0.128766498755153,-0.0315170514460649,4.10076970126658,3.06332166174613,76.664,25,2.21,0.876470158,3.76038002967834
"49","Malta","MLT",2012,NA,6.62523457,-1.25260234770288,-0.236572006437063,4.46436628971963,3.47126103455317,81.314,40.099998,1.41,1.22677524,6.52369022369385
"50","Moldova","MDA",2012,987544,5.51752278,-1.69187768200725,0.15836249209525,3.61810091658079,2.70039936543993,70.581,34.200001,1.27,6.575331687,8.34895992279053
"51","Mongolia","MNG",2012,1169241,2.2605149,-1.11324542803027,0.281033367247728,3.99073056544093,2.62466167030253,68.217,25.700001,2.77,9.253881136,5.19520998001099
"52","Montenegro","MNE",2012,2235844,4.47237839,-1.09155826259968,-0.292429823902064,4.14818406222762,2.99108858736424,75.823,36.400002,1.73,3.631997815,4.73989510536194
"53","Myanmar","MMR",2012,NA,0.8196291,0.587860112377955,0.658964842664435,3.61791184249848,1.93016575275843,64.453,26.299999,2.32,2.061632592,0.42
"54","Nepal","NPL",2012,339468250,2.4668546,0.321774200486903,0.534026106056135,3.32291229699458,2.10359794486569,68.426,21.299999,2.38,1.677465357,3.76116991043091
"55","Netherlands","NLD",2012,NA,9.52842158,-0.485806579582547,-0.443697499232713,4.65716443538252,3.70884677519351,81.212,40.799999,1.76,0.97700041,5.4756498336792
"56","North Korea","PRK",2012,NA,4.24894646023529,0.289025617513793,0.296665190261531,4.30849516314648,3.05840251725236,70.454,33,1.96,2.907984329,10.7
"57","Norway","NOR",2012,NA,7.773856,-0.497935179428585,-0.619788758288394,4.79936406207182,3.78650148046817,81.512,38.700001,1.85,0.866499435,7.36425018310547
"58","Oman","OMN",2012,NA,2.07995677,-0.82603168591358,-0.00877392430750515,4.63377314068498,3.03096947454145,76.149,26.200001,2.88,0.593469341,11.1
"59","Pakistan","PAK",2012,1156387671,1.01846302,0.221397581742679,0.843232778098009,3.64022814021779,2.0910512252025,65.849,21.4,3.74,5.356985459,2.13628005981445
"60","Palestine","PSE",2012,280867.5,4.24894646023529,-0.415464643004365,0.287801729930226,3.68500805574571,3.05840251725236,73.041,18.200001,4.28,6.132164906,5.13267993927002
"61","Philippines","PHL",2012,1824562438,1.38625636,0.79247741973288,0.378397900948138,3.77734012797825,2.43852540954706,70.149,23.1,3.07,14.50839367,4.73989510536194
"62","Poland","POL",2012,0,4.57751554,-0.893372922210482,-0.337242168318426,4.36582688872946,3.18880451055207,76.968,38.099998,1.34,1.985591752,4.81181001663208
"63","Portugal","PRT",2012,NA,6.23891139,-0.510700476732675,-0.522878745280338,4.41171816568856,3.41896999750908,80.513,41.599998,1.29,1.597713732,4.94640016555786
"64","Qatar","QAT",2012,NA,1.83147767,-1.34059451490962,-0.130768280269024,5.09795828029203,3.45568562256919,79.399,31.799999,2,0.909519779,3.50744009017944
"65","Romania","ROU",2012,0,4.39738629,-0.732853351066789,-0.0268721464003014,4.26249917485881,3.00218457051757,74.744,39.400002,1.49,2.265379282,2.94603991508484
"66","Russia","RUS",2012,9930920,3.7958389,-0.972774034908606,-0.0757207139381184,4.40064885312559,3.21845163627229,69.944,38,1.62,17.49612603,3.78973007202148
"67","Saudi Arabia","SAU",2012,NA,2.75228269,-0.271475565662309,-0.0457574905606751,4.69599493243778,3.28338733284633,74.254,25.9,2.78,0.86362497,4.73989510536194
"68","Serbia","SRB",2012,1497960,6.04971324,-1.03173516406588,-0.207608310501746,4.11054610730111,3.102647188184,74.619,38.799999,1.58,2.705186635,4.42657995223999
"69","Singapore","SGP",2012,NA,1.50107774,-1.94554399388619,-0.657577319177794,4.88244239513968,3.51308393349975,82.254,37.299999,1.26,0.529489201,3.11265993118286
"70","Slovakia","SVK",2012,4502202,5.67922105,-1.14448403643866,-0.259637310505756,4.41860737099125,3.31483519371065,76.067,37.299999,1.835,2.661634371,3.90920996665955
"71","Slovenia","SVN",2012,0,6.80388719,-1.88285679037431,-0.638272163982407,4.44679984370281,3.41777839491589,80.001,41.5,1.57,1.08141699,5.64783000946045
"72","South Korea","KOR",2012,NA,0.91707714,-0.975638965606892,-0.481486060122112,4.5021114866869,3.35132349858699,81.137,38,1.22,1.709916953,4.61822986602783
"73","Spain","ESP",2012,NA,6.7346152,-0.878737402913333,-0.522878745280338,4.49288866793137,3.47676667736399,82.384,40.599998,1.35,0.822220144,4.43187999725342
"74","Sri Lanka","LKA",2012,41067683,1.21959941,-0.151108331881816,-0.0315170514460649,3.9991315400765,2.45939922470013,75.796,30.4,2.14,3.932596568,1.49617004394531
"75","Sweden","SWE",2012,NA,9.95552109,-0.555071587896765,-0.602059991327962,4.63657027881617,3.69961928947369,81.834,40.700001,1.91,1.238666641,7.65618991851807
"76","Switzerland","CHE",2012,NA,7.49878485,-0.694637007956577,-0.408935392973501,4.74934721484316,3.79049884156941,82.626,41.599998,1.52,0.720027545,5.03337001800537
"77","Tajikistan","TJK",2012,286521605.5,1.87760452,-0.768248385605537,0.535294120042771,3.36630512826452,2.18315855805349,69.34,21.299999,3.49,2.824313834,4.01803016662598
"78","Thailand","THA",2012,4657546,3.24811916,-0.331466867523429,0.0170333392987804,4.15981690121152,2.75845317659001,74.992,35.5,1.53,6.843409631,4.53669023513794
"79","Timor","TLS",2012,35250605,0.91575551,0.770954821340736,0.68304703823885,3.99900341526277,1.98155813815263,67.72,17.1,1.835,2.663545994,9.6
"80","Turkey","TUR",2012,5190847.5,4.1491433,-0.286080135975033,0.155336037465062,4.30711138607502,2.97712979951943,75.373,28.299999,2.12,2.084376607,4.41900014877319
"81","Turkmenistan","TKM",2012,17568435.5,1.27337639,-1.02831714456246,0.673020907128896,4.087617058054,2.39591805505132,67.167,24.4,2.94,4.072165422,3.04924988746643
"82","Ukraine","UKR",2012,0,4.12524044,-0.980676469627349,-0.0362121726544447,3.92023674136923,2.80369810194733,70.464,39.5,1.49,8.016280733,6.69232988357544
"83","United Arab Emirates","ARE",2012,NA,2.55002589,-0.782684792226996,-0.154901959985743,4.77392599259558,3.29963604280888,76.711,31.9,1.82,1.23460079,4.73989510536194
"84","United Kingdom","GBR",2012,NA,7.80263316,-1.13394372567647,-0.387216143280265,4.56694220974252,3.52152250809348,80.739,39.599998,1.89,0.556427725,4.73989510536194
"85","Uzbekistan","UZB",2012,1542218477,3.12737145,-1.48523568534939,0.444044795918076,3.67814129046931,2.51026992998642,70.155,24.5,2.4,2.524154229,7.28
"86","Vietnam","VNM",2012,357220463,3.72212414,-1.01259713053493,0.252853030979893,3.68314949361074,2.53426861389978,74.958,28.5,1.96,1.845484342,5.53328990936279
"87","Yemen","YEM",2012,NA,1.57162782,0.393076076443268,0.635483746814912,3.57903002721391,2.3235435453791,65.92,18,4.44,3.060375293,4.73989510536194
